Feature, Feature Value,Fisher Test p-value, Feature Selection (thereshold = 0.0167),Rank of Statistic Significancy, Rank of Feature Selection
Canonical H1,0,1,0.000480165,,
Canonical H1,1,0.774906367,0.000600854,,
Canonical H1,2,1,0.000175353,,
Canonical H1,3,1,0,,
Canonical H2,0,0.535049709,0.012889063,,
Canonical H2,6,0.644296474,0.010232892,,
Canonical H3,0,0.083794647,0.01479616,,
Canonical H3,1,0.234700323,0.013119923,,
Canonical H3,2,0.002614369,0.033944391,7.62,8
Canonical H3,3,0.999938155,0.053446578,,2
Germ HJ,IGHJ1*01,0.688488693,0.004603937,,
Germ HJ,IGHJ2*01,0.354049029,0.004012455,,
Germ HJ,IGHJ3*01,0.576535581,0.003012808,,
Germ HJ,IGHJ3*02,1.32E-05,0.047185683,1.29,3
Germ HJ,IGHJ4*02,0.553358944,0.034656349,,7
Germ HJ,IGHJ5*01,0.96537164,0.015574391,,
Germ HJ,IGHJ5*02,0.197274561,0.018123477,,19
Germ HJ,IGHJ6*01,0.999947777,0.066944116,,1
Germ HJ,IGHJ6*04,0.000416969,0.032812578,6.36,9
Motif,10_YY,0.07051444,0.016529828,,
Motif,10_YYG,0.053349784,0.014285162,,
Motif,10_YYY,0.343316239,0.011916447,,
Motif,2_GG,1,0.008545674,,
Motif,2_GS,0.762847397,0.007176706,,
Motif,2_YG,0.005067609,0.036587558,10.51,6
Motif,2_YY,0.102581789,0.018412503,,18
Motif,3_SG,0.624699976,0.017795207,,20
Motif,3_SS,0.617371164,0.008419981,,
Motif,3_YY,0.001265975,0.032171889,6.41,11
Motif,3_YYD,0.002689351,0.00459369,7.61,
Motif,4_SG,0.955215392,0.009229585,,
Motif,4_SS,0.305268831,0.012016952,,
Motif,4_YD,0.000317996,0.026747743,3.51,14
Motif,4_YDS,0.002069412,0.006805006,7.59,
Motif,5_DS,0.004330063,0.007100598,10.42,
Motif,5_SG,0.626303426,0.010727004,,
Motif,5_YY,0.026298446,0.037488145,15.28,5
Motif,6_SG,0.509513574,0.022391224,,16
Motif,6_SS,0.023126499,0.004795634,15.85,
Motif,6_SSG,0.002423729,0.008186862,8.61,
Motif,6_YY,0.937239799,0.011581004,,
Motif,7_SG,0.028197383,0.007329619,16.75,
Motif,7_SGY,0.003847006,0.003018869,10.29,
Motif,7_YY,0.846405186,0.014090079,,
Motif,7_YYY,0.591550617,0.004151414,,
Motif,8_GY,0.012402538,0.010409138,12.7,
Motif,8_YY,0.364641908,0.02334784,,15
Motif,8_YYY,0.27775982,0.005765425,,
Motif,9_FD,0.555232757,0.019582355,,17
Motif,9_YY,0.017733467,0.01198022,13.5,
Motif,9_YYY,0.0259799,0.009162702,14.58,
PI,0.0-3.5,0.018313867,0.032143423,13.67,12
PI,3.5-3.9375,0.08010366,0.039139254,,4
PI,3.9375-4.375,0.485241177,0.032641723,,10
PI,4.375-4.8125,0.901919558,0.009318928,,
PI,4.8125-5.25,0.936906848,0.015848292,,
PI,5.25-5.6875,0.824022061,0.010279235,,
PI,5.6875-6.125,0.904667929,0.027072376,,13
PI,6.125-7.0,0.945280631,0.009723836,,
PI,7.0-14.0,0.966549563,0.014879694,,